Workbook

Sheet Overview
B3: Statistic as Excel data file
B4: Power sector carbon intensity in the United States in 2022, by state (in pounds of CO₂ per megawatt hour)
B5: Access data
B8: Source | E8: Description
E9: West Virginia had the highest power sector carbon intensity amongst all U.S. states in 2022, at 1,947 pounds of carbon dioxide per megawatt hour of electricity produced (lbs CO₂/MWh). Ranking second that year was Kentucky, which generated 1,733 lbs CO₂/MWh. In 2021, total power sector emissions in these two states were 58 and 56 MtCO₂ in 2021, respectively. What is carbon intensity within the power sector? The metric carbon intensity refers to the volume of CO₂ released per unit of electricity generated. It is a measure of how carbon-efficient energy generation is and can differ greatly depending on the energy source used. For example, the carbon intensities of fossil fuels – such as coal – is higher than renewable energy sources due the combustion process that releases CO₂. Carbon intensity of the U.S. power sector Since the turn of the century, the carbon intensity of the U.S. power sector has been on a mostly downward trend, dropping to a low of 804 lbs CO₂/MWh in 2022. This decline is attributable to several factors, such as the transition from coal to gas and increased power generation from renewables.
B10: Source | C10: Scott Institute for Energy Innovation
B11: Conducted by | C11: Scott Institute for Energy Innovation
B12: Survey period | C12: 2022
B13: Region | C13: United States
B14: Type of survey | C14: n.a.
B15: Number of respondents | C15: n.a.
B16: Age group | C16: n.a.
B17: Special characteristics | C17: n.a.
B18: Note | C18: *The U.S. power sector Carbon Index is the ratio between the direct emissions generated from all electricity generation sources from the U.S. electricity sector and the total net electricity generation.
B20: Publication
B22: Published by | C22: Scott Institute for Energy Innovation
B23: Publication date | C23: April 2023
B24: Original source | C24: emissionsindex.org
B25: ID | C25: 1133295
B38: pounds to kg | C38: 0.453592
B39: mean all data points kg/MWh | C39: =AVERAGE(data!C2:C51) -> 374.6307

Sheet data
A1: State | B1: Power sector carbon intensity of us grid [pounds of CO2/MWh] | C1: carbon intensity us grid [kg of CO2/MWh] | D1: year
A2: WV | B2: 1947 | C2: =B2*data_info!B$10 -> 883.14362 | D2: 2022
A3: KY | B3: 1733 | C3: =B3*data_info!B$10 -> 786.07494 | D3: 2022
A4: WY | B4: 1693 | C4: =B4*data_info!B$10 -> 767.93126 | D4: 2022
A5: MO | B5: 1557 | C5: =B5*data_info!B$10 -> 706.24274 | D5: 2022
A6: IN | B6: 1538 | C6: =B6*data_info!B$10 -> 697.6245 | D6: 2022
A7: UT | B7: 1439 | C7: =B7*data_info!B$10 -> 652.71889 | D7: 2022
A8: ND | B8: 1338 | C8: =B8*data_info!B$10 -> 606.9061 | D8: 2022
A9: HI | B9: 1331 | C9: =B9*data_info!B$10 -> 603.73095 | D9: 2022
A10: NE | B10: 1140 | C10: =B10*data_info!B$10 -> 517.09488 | D10: 2022
A11: OH | B11: 1124 | C11: =B11*data_info!B$10 -> 509.83741 | D11: 2022
A12: WI | B12: 1103 | C12: =B12*data_info!B$10 -> 500.31198 | D12: 2022
A13: CO | B13: 1091 | C13: =B13*data_info!B$10 -> 494.86887 | D13: 2022
... A51: VT | B51: 1 | C51: =B51*data_info!B$10 -> 0.453592 | D51: 2022

Sheet data_info
A1: info_index | B1: info_value
A2: index_zengarden | B2: carbon_intensity
A3: output_fields_zengarden | B3: node, carbon_intensity, unit
A4: name_carrier_zengarden | B4: electricity
A5: name_dataset | B5: Power sector carbon intensity in the United States in 2022, by state (in pounds of CO₂ per megawatt hour)
A6: source | B6: Scott Institute for Energy Innovation, ‘Power Sector Carbon Intensity in the United States in 2022, by State (in Pounds of CO2 per Megawatt Hour)’, Statista, 2023, https://www.statista.com/statistics/1133295/electric-sector-carbon-dioxide-emission-rate-by-state-united-states/.
A7: zoterokey | B7: scottinstituteforenergyinnovationPowerSectorCarbon2023
A8: unit_input | B8: pounds of CO2/MWh
A9: unit_zengarden | B9: kg/MWh
A10: conversion_factor_units | B10: 0.453592
A11: column_name_input | B11: carbon intensity us grid [kg of CO2/MWh]
A12: year | B12: 2022
